{
    "intrinsics": [
      [ 2008.2292238150044, 0, 1024.0],
      [0, 2008.2292238150044, 1024.0],
      [0, 0, 1]
    ],
    "position": { "x": 0, "y": 0, "z": 0 },
    "target":   { "x": 0, "y": 0, "z": -1 },
    "roll": 0
  }
