{
    "intrinsics": [
      [ 2570.5334064832055, 0, 1024.0],
      [0, 2570.5334064832055, 1024.0],
      [0, 0, 1]
    ],
    "position": { "x": -0.19,    "y": -0.05,    "z": -0.08 },
    "target":   { "x": -0.37993, "y": -0.14585, "z": -1.05712 },
    "roll": 0
  }
