{
    "intrinsics": [
      [ 2791.438621102856, 0, 1024.0],
      [0, 2791.438621102856, 1024.0],
      [0, 0, 1]
    ],
    "position": { "x": 0.06,    "y": 0.13,    "z": -0.10 },
    "target":   { "x": 0.12880, "y": 0.18093, "z": -1.09632 },
    "roll": 0
  }
