{
    "intrinsics": [
      [ 2891.850082293606, 0, 1024.0],
      [0, 2891.850082293606, 1024.0],
      [0, 0, 1]
    ],
    "position": { "x": 0.21,    "y": 0.04,    "z": 0.03 },
    "target":   { "x": 0.36744, "y": 0.13877, "z": -0.95257 },
    "roll": 0
  }
